{
  "overall": {
    "precision": 0.7463652347527968,
    "recall": 0.7460555555555555,
    "f1": 0.745878427356608,
    "num_samples": 18000.0
  },
  "class": {
    "Business": {
      "precision": 0.7011986301369864,
      "recall": 0.728,
      "f1": 0.7143480156999564,
      "num_samples": 4500.0
    },
    "Sci/Tech": {
      "precision": 0.7486260454002389,
      "recall": 0.6962222222222222,
      "f1": 0.7214738054116292,
      "num_samples": 4500.0
    },
    "Sports": {
      "precision": 0.7658282740676496,
      "recall": 0.7848888888888889,
      "f1": 0.7752414398595259,
      "num_samples": 4500.0
    },
    "World": {
      "precision": 0.7698079894063121,
      "recall": 0.7751111111111111,
      "f1": 0.7724504484553205,
      "num_samples": 4500.0
    }
  }
}