{
  "overall": {
    "precision": 0.8543202529887084,
    "recall": 0.8548333333333333,
    "f1": 0.854303492838199,
    "num_samples": 18000.0
  },
  "class": {
    "Business": {
      "precision": 0.842501175364363,
      "recall": 0.7964444444444444,
      "f1": 0.8188256796892849,
      "num_samples": 4500.0
    },
    "Sci/Tech": {
      "precision": 0.8309921962095875,
      "recall": 0.8282222222222222,
      "f1": 0.82960489705064,
      "num_samples": 4500.0
    },
    "Sports": {
      "precision": 0.8832054560954816,
      "recall": 0.9208888888888889,
      "f1": 0.9016536118363794,
      "num_samples": 4500.0
    },
    "World": {
      "precision": 0.8605821842854017,
      "recall": 0.8737777777777778,
      "f1": 0.8671297827764913,
      "num_samples": 4500.0
    }
  }
}