{
  "overall": {
    "precision": 0.8683162803494295,
    "recall": 0.8687777777777778,
    "f1": 0.8684374931729747,
    "num_samples": 18000.0
  },
  "class": {
    "Business": {
      "precision": 0.8439972869093375,
      "recall": 0.8295555555555556,
      "f1": 0.8367141096043931,
      "num_samples": 4500.0
    },
    "Sci/Tech": {
      "precision": 0.8532608695652174,
      "recall": 0.8373333333333334,
      "f1": 0.845222072678331,
      "num_samples": 4500.0
    },
    "Sports": {
      "precision": 0.8996999571367338,
      "recall": 0.9328888888888889,
      "f1": 0.9159938904647611,
      "num_samples": 4500.0
    },
    "World": {
      "precision": 0.8763070077864293,
      "recall": 0.8753333333333333,
      "f1": 0.8758198999444134,
      "num_samples": 4500.0
    }
  }
}